IndieSec,spacerog@mastodon.social
IndieSec,magoo@infosec.exchange
IndieSec,Antitree@infosec.exchange
IndieSec,joshbressers@infosec.exchange
IndieSec,roddhjav@mamot.fr
IndieSec,syngularity0@infosec.exchange
IndieSec,xpn@infosec.exchange
IndieSec,itisiboller@infosec.exchange
IndieSec,gradius@infosec.exchange
IndieSec,cynicalsecurity@bsd.network
IndieSec,Xilokar@mamot.fr
IndieSec,hasherezade@mastodon.social
IndieSec,securestep9@infosec.exchange
IndieSec,faker@infosec.exchange
IndieSec,JohnsNotHere@infosec.exchange
IndieSec,megan@infosec.exchange
IndieSec,campuscodi@mastodon.social
IndieSec,cirku17@infosec.exchange
IndieSec,shellcromancer@infosec.exchange
IndieSec,rami@infosec.exchange
IndieSec,JoshCGrossman@infosec.exchange
IndieSec,hackerfantastic@social.hackerfraternity.org
IndieSec,frichetten@fosstodon.org
IndieSec,4Dgifts@mastodon.social
IndieSec,tychotithonus@infosec.exchange
IndieSec,mle@infosec.exchange
IndieSec,professor_kilroy@infosec.exchange
IndieSec,benheise@infosec.exchange
IndieSec,percepticon@ioc.exchange
IndieSec,retr0id@retr0.id
IndieSec,tweedge@cybersecurity.theater
IndieSec,matthew_d_green@ioc.exchange
IndieSec,dragosr@chaos.social
IndieSec,CarpeDiemT3ch@ioc.exchange
IndieSec,FirehaK@infosec.exchange
IndieSec,Myrtus@infosec.exchange
IndieSec,maldr0id@infosec.exchange
IndieSec,ChocolateCoat@infosec.exchange
IndieSec,LukaszOlejnik@mastodon.social
IndieSec,raesene@infosec.exchange
IndieSec,hexamander@infosec.exchange
IndieSec,grey@infosec.exchange
IndieSec,malware_traffic@infosec.exchange
IndieSec,Samunoske@infosec.exchange
IndieSec,_mattata@infosec.exchange
IndieSec,vipergeek@infosec.exchange
IndieSec,0xdeadbeefJERKY@infosec.exchange
IndieSec,tonyarris@infosec.exchange
IndieSec,whatshisface@infosec.exchange
IndieSec,hexnomad@infosec.exchange
IndieSec,fre@infosec.exchange
IndieSec,thypon@mastodon.social
IndieSec,cryptax@mastodon.social
IndieSec,christophetd@infosec.exchange
IndieSec,HackingDave@infosec.exchange
IndieSec,catc0n@infosec.exchange
IndieSec,jfslowik@infosec.exchange
IndieSec,geffner@infosec.exchange
IndieSec,rx13@infosec.exchange
IndieSec,spartan@infosec.exchange
IndieSec,0xd0ug@infosec.exchange
IndieSec,d0nut@infosec.exchange
IndieSec,dale_nunns@infosec.exchange
IndieSec,gynvael@infosec.exchange
IndieSec,cxiao@infosec.exchange
IndieSec,williballenthin@mastodon.social
IndieSec,vict0ni@infosec.exchange
IndieSec,ajxchapman@infosec.exchange
IndieSec,zackwhittaker@mastodon.social
IndieSec,psiinon@infosec.exchange
IndieSec,jcfarris@infosec.exchange
IndieSec,valorin@phpc.social
IndieSec,sk3w@infosec.exchange
IndieSec,acrypthash@infosec.exchange
IndieSec,patrickcmiller@infosec.exchange
IndieSec,barberousse_bin@todon.eu
IndieSec,fabian_bader@infosec.exchange
IndieSec,SeanWrightSec@infosec.exchange
IndieSec,stvemillertime@infosec.exchange
IndieSec,rmceoin@infosec.exchange
IndieSec,vcsjones@infosec.exchange
IndieSec,jtk@infosec.exchange
IndieSec,disconnect3d@infosec.exchange
IndieSec,dafthack@infosec.exchange
IndieSec,swissky@infosec.exchange
IndieSec,binitamshah@ioc.exchange
IndieSec,lawsecnet@infosec.exchange
IndieSec,swiefling@hci.social
IndieSec,idov31@infosec.exchange
IndieSec,RyanDFIR@infosec.exchange
IndieSec,chiefgyk3d@social.chiefgyk3d.com
IndieSec,shifty@infosec.exchange
IndieSec,timb_machine@infosec.exchange
IndieSec,howelloneill@infosec.exchange
IndieSec,pswapneel@infosec.exchange
IndieSec,kharosx0@infosec.exchange
IndieSec,b00010111@ioc.exchange
IndieSec,SebastianWalla@infosec.exchange
IndieSec,goretsky@infosec.exchange
IndieSec,CyberRaiju@infosec.exchange
IndieSec,theevilbit@mastodon.social
IndieSec,n0kovo@infosec.exchange
IndieSec,h0ng10@infosec.exchange
IndieSec,riskymanag3ment@infosec.exchange
IndieSec,blacktop@mastodon.social
IndieSec,k3ym0@infosec.exchange
IndieSec,hawkes@infosec.exchange
IndieSec,nilokuma@infosec.exchange
IndieSec,racheltobac@infosec.exchange
IndieSec,mayahustle@infosec.exchange
IndieSec,dlitchfield@infosec.exchange
IndieSec,Weld@infosec.exchange
IndieSec,thegrugq@infosec.exchange
IndieSec,lirantal@infosec.exchange
IndieSec,pwntester@infosec.exchange
IndieSec,cybersoldier@infosec.exchange
IndieSec,cyb3rmonk@infosec.exchange
IndieSec,zi0Black@infosec.exchange
IndieSec,commjoenie@mastodon.online
IndieSec,serghei@mastodon.social
IndieSec,ollie_whitehouse@infosec.exchange
IndieSec,scottpiper@infosec.exchange
IndieSec,mumblegrepper@flokinet.social
IndieSec,insiderphd@infosec.exchange
IndieSec,DavidJBianco@infosec.exchange
IndieSec,netalexx@infosec.exchange
IndieSec,albinolobster@infosec.exchange
IndieSec,Raj_Samani@ioc.exchange
IndieSec,jkamdjou@infosec.exchange
IndieSec,cyberlibrarian@infosec.exchange
IndieSec,jjx@infosec.exchange
IndieSec,dfirnotes@infosec.exchange
IndieSec,BenTheCyberOne@infosec.exchange
IndieSec,theJoshMeister@infosec.exchange
IndieSec,raptor@infosec.exchange
IndieSec,aircooledcafe@infosec.exchange
IndieSec,iagox86@infosec.exchange
IndieSec,taladrane@fosstodon.org
IndieSec,Wynter@infosec.exchange
IndieSec,maddiestone@infosec.exchange
IndieSec,quidity@infosec.exchange
IndieSec,agent0x0@infosec.exchange
IndieSec,forensication@infosec.exchange
IndieSec,wrongbaud@infosec.exchange
IndieSec,TheGeminon@infosec.exchange
IndieSec,r00t0v3rr1d3@infosec.exchange
IndieSec,malwaretech@infosec.exchange
IndieSec,lordsaibat@mastodon.social
IndieSec,accidentalciso@infosec.exchange
IndieSec,jullrich@infosec.exchange
IndieSec,lozano@infosec.exchange
IndieSec,hdm@infosec.exchange
IndieSec,saidelike@infosec.exchange
IndieSec,mb@infosec.exchange
IndieSec,alexplaskett@infosec.exchange
IndieSec,staaldraad@infosec.exchange
IndieSec,dmnk@infosec.exchange
IndieSec,techbrunchfr@infosec.exchange
IndieSec,Sh0ckFR@infosec.exchange
IndieSec,abbycanthack@infosec.exchange
IndieSec,fr0gger@infosec.exchange
IndieSec,pentesterland@infosec.exchange
IndieSec,chrissanders88@infosec.exchange
IndieSec,chaos@infosec.exchange
IndieSec,0xdf@infosec.exchange
IndieSec,Tjnull@infosec.exchange
IndieSec,poppopretn@infosec.exchange
IndieSec,hackndo@infosec.exchange
IndieSec,itm4n@infosec.exchange
IndieSec,n0x08@infosec.exchange
IndieSec,hackNpatch@infosec.exchange
IndieSec,ropman76@infosec.exchange
IndieSec,_marklech_@infosec.exchange
IndieSec,FuzzySec@infosec.exchange
IndieSec,lds@infosec.exchange
IndieSec,matt_pardo@infosec.exchange
IndieSec,cyberpanda@infosec.exchange
IndieSec,paulsanders@infosec.exchange
IndieSec,still@infosec.exchange
IndieSec,DrAzureAD@infosec.exchange
IndieSec,ustayready@infosec.exchange
IndieSec,justicerage@infosec.exchange
IndieSec,cyb3rmik3@infosec.exchange
IndieSec,mubix@infosec.exchange
IndieSec,iglocska@infosec.exchange
IndieSec,sam4k@infosec.exchange
IndieSec,zvikam@infosec.exchange
IndieSec,willis@infosec.exchange
IndieSec,rcvalle@mastodon.social
IndieSec,Adam_Mashinchi@infosec.exchange
IndieSec,ghozt@infosec.exchange
IndieSec,briankrebs@infosec.exchange
IndieSec,ErrataRob@infosec.exchange
IndieSec,gdbassett@mastodon.social
IndieSec,paradoxengine@infosec.exchange
IndieSec,graham@infosec.exchange
IndieSec,spoofy@infosec.exchange
IndieSec,paulmillr@mastodon.social
IndieSec,AndreasZeller@mastodon.social
IndieSec,captainGeech@infosec.exchange
IndieSec,jbn@infosec.exchange
IndieSec,threatyodeling@infosec.exchange
IndieSec,wrv@infosec.exchange
IndieSec,joshlemon@infosec.exchange
IndieSec,jsmall@infosec.exchange
IndieSec,marcan@treehouse.systems
IndieSec,adulau@infosec.exchange
IndieSec,jon_bottarini@infosec.exchange
IndieSec,bkimminich@infosec.exchange
IndieSec,01_Honeybadger@infosec.exchange
IndieSec,blueninja@infosec.exchange
IndieSec,smaury@infosec.exchange
IndieSec,malmoeb@infosec.exchange
IndieSec,tomchop@infosec.exchange
IndieSec,saadk@infosec.exchange
IndieSec,maitai@infosec.exchange
IndieSec,C8H10N4O2@infosec.exchange
IndieSec,minimalblue@infosec.exchange
IndieSec,blackmond@infosec.exchange
IndieSec,larsborn@infosec.exchange
IndieSec,MaxMnMl@infosec.exchange
IndieSec,joev@infosec.exchange
IndieSec,dox@infosec.exchange
IndieSec,strandjs@infosec.exchange
IndieSec,emanuelduss@infosec.exchange
IndieSec,Jhaddix@infosec.exchange
IndieSec,r00tbsd@infosec.exchange
IndieSec,aatlasis@infosec.exchange
IndieSec,Enigma@infosec.exchange
IndieSec,danaepp@infosec.exchange
IndieSec,razvan@infosec.exchange
IndieSec,caffix@infosec.exchange
IndieSec,charliefrick@infosec.exchange
IndieSec,DarkOperator@infosec.exchange
IndieSec,jonpalmisc@infosec.exchange
IndieSec,infosecb@infosec.exchange
IndieSec,mr_phrazer@infosec.exchange
IndieSec,HarleyGeiger@infosec.exchange
IndieSec,mweissbacher@infosec.exchange
IndieSec,haroonmeer@infosec.exchange
IndieSec,chetwisniewski@securitycafe.ca
IndieSec,ciaranmartin@infosec.exchange
IndieSec,verovaleros@infosec.exchange
IndieSec,alexandreborges@infosec.exchange
IndieSec,beny23@infosec.exchange
IndieSec,murph@infosec.exchange
IndieSec,rishi@infosec.exchange
IndieSec,matthewdfuller@infosec.exchange
IndieSec,jeromesegura@infosec.exchange
IndieSec,stonerpsu@infosec.exchange
IndieSec,epixoip@infosec.exchange
IndieSec,agreenberg@infosec.exchange
IndieSec,sickness@infosec.exchange
IndieSec,hetmehtaa@infosec.exchange
IndieSec,davek@infosec.exchange
IndieSec,spark@infosec.exchange
IndieSec,d4rckh@infosec.exchange
IndieSec,df_sec@infosec.exchange
IndieSec,richinseattle@infosec.exchange
IndieSec,Folini@infosec.exchange
IndieSec,albinowax@infosec.exchange
IndieSec,gaz@infosec.exchange
IndieSec,voidsec@infosec.exchange
IndieSec,frenchyeti@infosec.exchange
IndieSec,marcolancini@infosec.exchange
IndieSec,julianferdinand@infosec.exchange
IndieSec,pnx@infosec.exchange
IndieSec,johnchiment@infosec.exchange
IndieSec,tomituominen@infosec.exchange
IndieSec,ryanc@infosec.exchange
IndieSec,blueteamgoon@infosec.exchange
IndieSec,drewsec@infosec.exchange
IndieSec,audrastreetman@infosec.exchange
IndieSec,attrc@infosec.exchange
IndieSec,haxd@infosec.exchange
IndieSec,securitym0nkey@infosec.exchange
IndieSec,CyberValken@infosec.exchange
IndieSec,james_inthe_box@infosec.exchange
IndieSec,thepacketrat@infosec.exchange
IndieSec,4enzikat0r@infosec.exchange
IndieSec,cyanpencil@infosec.exchange
IndieSec,TheDeadlySYNs@infosec.exchange
IndieSec,thefluffypurringbeast@tech.lgbt
IndieSec,jelliedchemicals@infosec.exchange
IndieSec,gleeda@infosec.exchange
IndieSec,alex@cybervillains.com
IndieSec,infosecsidekick@infosec.exchange
IndieSec,adel@infosec.exchange
IndieSec,flowyroll@infosec.exchange
IndieSec,ant0inet@infosec.exchange
IndieSec,yarden_shafir@infosec.exchange
IndieSec,tom_webb@infosec.exchange
IndieSec,ghostrodeo@infosec.exchange
IndieSec,gannimo@infosec.exchange
IndieSec,taylorparizo@infosec.exchange
IndieSec,werrett@infosec.exchange
IndieSec,lakiw@infosec.exchange
IndieSec,mjg59@nondeterministic.computer
IndieSec,Halcyon@infosec.exchange
IndieSec,the_hofmann@infosec.exchange
IndieSec,dietersar@fosstodon.org
IndieSec,thehellu@infosec.exchange
IndieSec,raphaelrobert@mastodon.social
IndieSec,stacksmashing@infosec.exchange
IndieSec,xor_al_ex@infosec.exchange
IndieSec,leanvel@infosec.exchange
IndieSec,Dnny44@ioc.exchange
IndieSec,CoachKahnsef@infosec.exchange
IndieSec,jas4711@infosec.exchange
IndieSec,blacklynx@infosec.exchange
IndieSec,0xSaiyanGod@infosec.exchange
IndieSec,phretor@infosec.exchange
IndieSec,privacy@ioc.exchange
IndieSec,defaultvlan@infosec.exchange
IndieSec,thewxtech@infosec.exchange
IndieSec,snkhan@infosec.exchange
IndieSec,C3n7ral051nt4g3ncy@infosec.exchange
IndieSec,darryl@infosec.exchange
IndieSec,nyanbox@infosec.exchange
IndieSec,x30n@infosec.exchange
IndieSec,sizzop@infosec.exchange
IndieSec,s0cm0nkey@infosec.exchange
IndieSec,Lee_Holmes@infosec.exchange
IndieSec,schrnz@infosec.exchange
IndieSec,techy@infosec.exchange
IndieSec,nixonnixoff@infosec.exchange
IndieSec,tecnobabble@infosec.exchange
IndieSec,chrisdfir@infosec.exchange
IndieSec,0x3c7@infosec.exchange
IndieSec,harmj0y@infosec.exchange
IndieSec,neiljrubenking@infosec.exchange
IndieSec,uplinc@infosec.exchange
IndieSec,sethsec@infosec.exchange
IndieSec,cnotin@infosec.exchange
IndieSec,dekushrub@infosec.exchange
IndieSec,taco@infosec.exchange
IndieSec,QWORDsmith@infosec.exchange
IndieSec,0xmchow@infosec.exchange
IndieSec,ohCoz@infosec.exchange
IndieSec,mattm@infosec.exchange
IndieSec,mikevj@infosec.exchange
IndieSec,anakles@infosec.exchange
IndieSec,amarsaar@infosec.exchange
IndieSec,Regit@infosec.exchange
IndieSec,sanjaymenon@mastodon.social
IndieSec,s1l3ntk1ll3r@ioc.exchange
IndieSec,jwgoerlich@infosec.exchange
IndieSec,dougburks@infosec.exchange
IndieSec,th3_protoCOL@infosec.exchange
IndieSec,0xCyberY@infosec.exchange
IndieSec,jimmyblake@infosec.exchange
IndieSec,ntkramer@infosec.exchange
IndieSec,summerz@infosec.exchange
IndieSec,jackrhysider@infosec.exchange
IndieSec,hacksilon@infosec.exchange
IndieSec,cyber@brands.town
IndieSec,meansec@infosec.exchange
IndieSec,shortridge@hachyderm.io
IndieSec,vanhoefm@infosec.exchange
IndieSec,livinginsyn@infosec.exchange
IndieSec,IntelScott@infosec.exchange
IndieSec,mahaloz@infosec.exchange
IndieSec,TH3R3P41RM4N@infosec.exchange
IndieSec,farimani@infosec.exchange
IndieSec,VishnyaSweet@infosec.exchange
IndieSec,prabhu@infosec.exchange
IndieSec,Ne0nd0g@infosec.exchange
IndieSec,EyalItkin@infosec.exchange
IndieSec,DevMephisto@infosec.exchange
IndieSec,dismantl@infosec.exchange
IndieSec,brett@infosec.exchange
IndieSec,pathetiq@infosec.exchange
IndieSec,EricHogue@infosec.exchange
IndieSec,JamesStevenson@infosec.exchange
IndieSec,Jrod@infosec.exchange
IndieSec,haxorthematrix@infosec.exchange
IndieSec,icanhaspii@infosec.exchange
IndieSec,gadi@infosec.exchange
IndieSec,uchi_mata@infosec.exchange
IndieSec,kevinthomas@ioc.exchange
IndieSec,ImpossibleUmbrella@infosec.exchange
IndieSec,mdfranz@infosec.exchange
IndieSec,ren@infosec.exchange
IndieSec,Aconite33@infosec.exchange
IndieSec,cyberkaida@infosec.exchange
IndieSec,neurovagrant@masto.deoan.org
IndieSec,chris_kirsch@infosec.exchange
IndieSec,nopatience@swecyb.com
IndieSec,jannik@infosec.exchange
IndieSec,AaronTalksSec@infosec.exchange
IndieSec,segiddins@hachyderm.io
IndieSec,0v1@infosec.exchange
IndieSec,philofishal@infosec.exchange
IndieSec,esheesle@infosec.exchange
IndieSec,psomas@discuss.systems
IndieSec,saraislet@infosec.exchange
IndieSec,rffuste@infosec.exchange
IndieSec,forgetful@infosec.exchange
IndieSec,alexsantee@infosec.exchange
IndieSec,GoblinLucy@infosec.exchange
IndieSec,Zardus@defcon.social
IndieSec,mcgrew@defcon.social
IndieSec,garva@infosec.exchange
IndieSec,djb@cr.yp.to
IndieSec,bouncyhat@infosec.exchange
IndieSec,nohackme@defcon.social
IndieSec,gergelykalman@infosec.exchange
IndieSec,G66@defcon.social
IndieSec,alevsk@infosec.exchange
IndieSec,glesnewich@infosec.exchange
IndieSec,LeeArchinal@ioc.exchange
IndieSec,mihaimaruseac@infosec.exchange
IndieSec,jaybosamiya@infosec.exchange
IndieSec,hash_miser@infosec.exchange
IndieSec,harrysintonen@infosec.exchange
IndieSec,greplogic@infosec.exchange
IndieSec,x0rz@infosec.exchange
IndieSec,wade@infosec.exchange
IndieSec,talsk@infosec.exchange
IndieSec,nullptrexcept@infosec.exchange
IndieSec,0xor0ne@infosec.exchange
IndieSec,manicode@infosec.exchange
IndieSec,CyberGladius@cybergladius.social
IndieSec,chompie1337@haunted.computer
IndieSec,goldbe@infosec.exchange
IndieSec,r1cksec@infosec.exchange
IndieSec,trojanfoxtrot@infosec.exchange
IndieSec,david_obrien@mastodon.argos-security.io
IndieSec,nostarch@infosec.exchange
IndieSec,JasonFossen@infosec.exchange
IndieSec,iiamit@infosec.exchange
IndieSec,cyb_detective@infosec.exchange
IndieSec,apps3c@infosec.exchange
IndieSec,gnugro@infosec.exchange
IndieSec,scottbrady@hachyderm.io
IndieSec,tvcutsem@techhub.social
IndieSec,CyberLeech@cyberplace.social
IndieSec,jmamblat@infosec.exchange
IndieSec,clearbluejar@infosec.exchange
IndieSec,ic3qu33n@infosec.exchange
IndieSec,lintile@hackers.town
IndieSec,abrignoni@infosec.exchange
IndieSec,richi@vmst.io
IndieSec,knitcode@infosec.exchange
IndieSec,filippo@abyssdomain.expert
IndieSec,thebardssong@infosec.exchange
IndieSec,dhk@infosec.exchange
IndieSec,algorythm@infosec.exchange
IndieSec,SteveSyfuhs@hachyderm.io
IndieSec,0xDEADKEITH@infosec.exchange
IndieSec,malwarejake@infosec.exchange
IndieSec,niklasb@infosec.exchange
IndieSec,wsx@treehouse.systems
IndieSec,JakeWnuk@infosec.exchange
IndieSec,oldschool@infosec.exchange
IndieSec,kpwn@infosec.exchange
IndieSec,taviso@social.sdf.org
IndieSec,h4sh@infosec.exchange
IndieSec,rsgbengi@infosec.exchange
IndieSec,Seibai@infosec.exchange
IndieSec,Cyberkid1987@defcon.social
IndieSec,adam_caudill@infosec.exchange
IndieSec,rmogull@defcon.social
IndieSec,buherator@infosec.place
IndieSec,shadyfarmboy@infosec.exchange
IndieSec,appsecguy@infosec.exchange
IndieSec,oct0xor@mastodon.social
IndieSec,qwertyoruiop@nso.group
IndieSec,R00tkitSMM@infosec.exchange
IndieSec,sqshr@infosec.exchange
IndieSec,ausernamedjosh@infosec.exchange
IndieSec,mttaggart@infosec.town
IndieSec,schrammbo@infosec.exchange
IndieSec,Nightsec101@infosec.exchange
IndieSec,florenciocano@infosec.exchange
IndieSec,tedi@infosec.exchange
IndieSec,udunadan@infosec.exchange
IndieSec,wrzlbrmpft@infosec.exchange
IndieSec,ojensen@hachyderm.io
IndieSec,resingm@infosec.exchange
IndieSec,H3liumb0y@infosec.exchange
IndieSec,deltatux@infosec.town
IndieSec,squiblydoo@infosec.exchange
IndieSec,const@infosec.exchange
IndieSec,grimmware@infosec.exchange
IndieSec,ahoog42@infosec.exchange
IndieSec,rogeragrimes@infosec.exchange
IndieSec,S1m@infosec.exchange
IndieSec,Bing_Chris@mastodon.social
IndieSec,blu3r4y@infosec.exchange
IndieSec,tmpout@haunted.computer
IndieSec,Markcarter@infosec.exchange
IndieSec,PagedOut@infosec.exchange
IndieSec,curtis@infosec.exchange
IndieSec,josephzeng@infosec.exchange
IndieSec,downeg@infosec.exchange