Mammoth,selenalarson@mastodon.social
Mammoth,0ddj0bb@infosec.exchange
Mammoth,0xor0ne@infosec.exchange
Mammoth,4Dgifts@mastodon.social
Mammoth,abrignoni@infosec.exchange
Mammoth,acrypthash@infosec.exchange
Mammoth,ahoog42@infosec.exchange
Mammoth,albinowax@infosec.exchange
Mammoth,alex@cybervillains.com
Mammoth,alexandreborges@infosec.exchange
Mammoth,b00010111@ioc.exchange
Mammoth,binitamshah@ioc.exchange
Mammoth,briankrebs@infosec.exchange
Mammoth,bruienne@infosec.exchange
Mammoth,buherator@infosec.place
Mammoth,catc0n@infosec.exchange
Mammoth,chiefgyk3d@social.chiefgyk3d.com
Mammoth,chompie1337@haunted.computer
Mammoth,cirku17@infosec.exchange
Mammoth,cryptax@mastodon.social
Mammoth,cyb_detective@infosec.exchange
Mammoth,Cyberkid1987@defcon.social
Mammoth,CyberRaiju@infosec.exchange
Mammoth,cybersoldier@infosec.exchange
Mammoth,dafthack@infosec.exchange
Mammoth,danaepp@infosec.exchange
Mammoth,disconnect3d@infosec.exchange
Mammoth,EricHogue@infosec.exchange
Mammoth,faker@infosec.exchange
Mammoth,florenciocano@infosec.exchange
Mammoth,goretsky@infosec.exchange
Mammoth,GossiTheDog@cyberplace.social
Mammoth,gynvael@infosec.exchange
Mammoth,h0ng10@infosec.exchange
Mammoth,hackNpatch@infosec.exchange
Mammoth,harrysintonen@infosec.exchange
Mammoth,hasherezade@mastodon.social
Mammoth,hatless1der@infosec.exchange
Mammoth,hdm@infosec.exchange
Mammoth,howelloneill@infosec.exchange
Mammoth,idov31@infosec.exchange
Mammoth,JakeWnuk@infosec.exchange
Mammoth,jeFF0Falltrades@infosec.exchange
Mammoth,JohnsNotHere@infosec.exchange
Mammoth,JoshCGrossman@infosec.exchange
Mammoth,karmaz@infosec.exchange
Mammoth,kharosx0@infosec.exchange
Mammoth,lawsecnet@infosec.exchange
Mammoth,LeeArchinal@ioc.exchange
Mammoth,livinginsyn@infosec.exchange
Mammoth,lukasberancz@infosec.exchange
Mammoth,LukaszOlejnik@mastodon.social
Mammoth,malmoeb@infosec.exchange
Mammoth,malwaretech@infosec.exchange
Mammoth,Markcarter@infosec.exchange
Mammoth,mayahustle@infosec.exchange
Mammoth,megan@infosec.exchange
Mammoth,mttaggart@infosec.town
Mammoth,n0kovo@infosec.exchange
Mammoth,neurovagrant@masto.deoan.org
Mammoth,nhamiel@infosec.exchange
Mammoth,obivan@infosec.exchange
Mammoth,pswapneel@infosec.exchange
Mammoth,r1cksec@infosec.exchange
Mammoth,racheltobac@infosec.exchange
Mammoth,raesene@infosec.exchange
Mammoth,rami@infosec.exchange
Mammoth,reverseics@infosec.exchange
Mammoth,RyanDFIR@infosec.exchange
Mammoth,sanjaymenon@mastodon.social
Mammoth,SeanWrightSec@infosec.exchange
Mammoth,SebastianWalla@infosec.exchange
Mammoth,securestep9@infosec.exchange
Mammoth,shellcromancer@infosec.exchange
Mammoth,shellsharks@shellsharks.social
Mammoth,shifty@infosec.exchange
Mammoth,Shiroe@infosec.exchange
Mammoth,shortridge@hachyderm.io
Mammoth,swiefling@hci.social
Mammoth,swissky@infosec.exchange
Mammoth,taylorparizo@infosec.exchange
Mammoth,teriradichel@infosec.exchange
Mammoth,thc@infosec.exchange
Mammoth,theevilbit@mastodon.social
Mammoth,theJoshMeister@infosec.exchange
Mammoth,timb_machine@infosec.exchange
Mammoth,tiraniddo@infosec.exchange
Mammoth,tweedge@cybersecurity.theater
Mammoth,verovaleros@infosec.exchange
Mammoth,vict0ni@infosec.exchange
Mammoth,vinoth@infosec.exchange
Mammoth,voidsec@infosec.exchange
Mammoth,wdormann@infosec.exchange
Mammoth,williballenthin@mastodon.social
Mammoth,Xilokar@mamot.fr
Mammoth,yossarian@infosec.exchange
Mammoth,hacks4pancakes@mastodon.social
Mammoth,riskymanag3ment@infosec.exchange
Mammoth,blacktop@mastodon.social
Mammoth,k3ym0@infosec.exchange