Indiesec,timb_machine@infosec.exchange
Indiesec,tiraniddo@infosec.exchange
Indiesec,tweedge@cybersecurity.theater
Indiesec,tychotithonus@infosec.exchange
Indiesec,verovaleros@infosec.exchange
Indiesec,vict0ni@infosec.exchange
Indiesec,vinoth@infosec.exchange
Indiesec,voidsec@infosec.exchange
Indiesec,wdormann@infosec.exchange
Indiesec,williballenthin@mastodon.social
Indiesec,Xilokar@mamot.fr
Indiesec,xpn@infosec.exchange
Indiesec,yossarian@infosec.exchange
Indiesec,mle@infosec.exchange
Indiesec,professor_kilroy@infosec.exchange
Indiesec,benheise@infosec.exchange
Indiesec,percepticon@ioc.exchange
Indiesec,retr0id@retr0.id
Indiesec,matthew_d_green@ioc.exchange
Indiesec,dragosr@chaos.social
Indiesec,ApisNecros@ioc.exchange
Indiesec,CarpeDiemT3ch@ioc.exchange
Indiesec,FirehaK@infosec.exchange
Indiesec,Myrtus@infosec.exchange
Indiesec,maldr0id@infosec.exchange
Indiesec,ChocolateCoat@infosec.exchange
Indiesec,hexamander@infosec.exchange
Indiesec,malware_traffic@infosec.exchange
Indiesec,Samunoske@infosec.exchange
Indiesec,_mattata@infosec.exchange
Indiesec,vipergeek@infosec.exchange
Indiesec,0xdeadbeefJERKY@infosec.exchange
Indiesec,tonyarris@infosec.exchange
Indiesec,whatshisface@infosec.exchange
Indiesec,hexnomad@infosec.exchange
Indiesec,fre@infosec.exchange
Indiesec,thypon@mastodon.social
Indiesec,christophetd@infosec.exchange
Indiesec,HackingDave@infosec.exchange
Indiesec,hrbrmstr@mastodon.social
Indiesec,geffner@infosec.exchange
Indiesec,0xd0ug@infosec.exchange
Indiesec,d0nut@infosec.exchange
Indiesec,psiinon@infosec.exchange
Indiesec,barberousse_bin@todon.eu
Indiesec,fabian_bader@infosec.exchange
Indiesec,jtk@infosec.exchange
Indiesec,dlitchfield@infosec.exchange
Indiesec,serghei@mastodon.social
Indiesec,ollie_whitehouse@infosec.exchange