Indiesec,selenalarson@mastodon.social
Indiesec,0ddj0bb@infosec.exchange
Indiesec,0xor0ne@infosec.exchange
Indiesec,4Dgifts@mastodon.social
Indiesec,abrignoni@infosec.exchange
Indiesec,acrypthash@infosec.exchange
Indiesec,ahoog42@infosec.exchange
Indiesec,albinowax@infosec.exchange
Indiesec,alex@cybervillains.com
Indiesec,alexandreborges@infosec.exchange
Indiesec,Antitree@infosec.exchange
Indiesec,b00010111@ioc.exchange
Indiesec,binitamshah@ioc.exchange
Indiesec,blacktop@mastodon.social
Indiesec,briankrebs@infosec.exchange
Indiesec,bruienne@infosec.exchange
Indiesec,buherator@infosec.place
Indiesec,catc0n@infosec.exchange
Indiesec,chiefgyk3d@social.chiefgyk3d.com
Indiesec,chompie1337@haunted.computer
Indiesec,cirku17@infosec.exchange
Indiesec,cryptax@mastodon.social
Indiesec,cyb_detective@infosec.exchange
Indiesec,Cyberkid1987@defcon.social
Indiesec,CyberRaiju@infosec.exchange
Indiesec,cybersoldier@infosec.exchange
Indiesec,cynicalsecurity@bsd.network
Indiesec,dafthack@infosec.exchange
Indiesec,danaepp@infosec.exchange
Indiesec,disconnect3d@infosec.exchange
Indiesec,EricHogue@infosec.exchange
Indiesec,faker@infosec.exchange
Indiesec,florenciocano@infosec.exchange
Indiesec,frichetten@fosstodon.org
Indiesec,goretsky@infosec.exchange
Indiesec,GossiTheDog@cyberplace.social
Indiesec,gradius@infosec.exchange
Indiesec,gynvael@infosec.exchange
Indiesec,h0ng10@infosec.exchange
Indiesec,hackNpatch@infosec.exchange
Indiesec,hacks4pancakes@mastodon.social
Indiesec,harrysintonen@infosec.exchange
Indiesec,hasherezade@mastodon.social
Indiesec,hatless1der@infosec.exchange
Indiesec,hdm@infosec.exchange
Indiesec,howelloneill@infosec.exchange
Indiesec,idov31@infosec.exchange
Indiesec,itisiboller@infosec.exchange
Indiesec,JakeWnuk@infosec.exchange
Indiesec,jeFF0Falltrades@infosec.exchange
Indiesec,JohnsNotHere@infosec.exchange
Indiesec,joshbressers@infosec.exchange
Indiesec,JoshCGrossman@infosec.exchange
Indiesec,k3ym0@infosec.exchange
Indiesec,karmaz@infosec.exchange
Indiesec,kharosx0@infosec.exchange
Indiesec,lawsecnet@infosec.exchange
Indiesec,LeeArchinal@ioc.exchange
Indiesec,leonjza@infosec.exchange
Indiesec,livinginsyn@infosec.exchange
Indiesec,lukasberancz@infosec.exchange
Indiesec,LukaszOlejnik@mastodon.social
Indiesec,magoo@infosec.exchange
Indiesec,malmoeb@infosec.exchange
Indiesec,malwaretech@infosec.exchange
Indiesec,Markcarter@infosec.exchange
Indiesec,mayahustle@infosec.exchange
Indiesec,megan@infosec.exchange
Indiesec,mttaggart@infosec.town
Indiesec,n0kovo@infosec.exchange
Indiesec,neurovagrant@masto.deoan.org
Indiesec,nhamiel@infosec.exchange
Indiesec,obivan@infosec.exchange
Indiesec,pswapneel@infosec.exchange
Indiesec,r1cksec@infosec.exchange
Indiesec,racheltobac@infosec.exchange
Indiesec,raesene@infosec.exchange
Indiesec,rami@infosec.exchange
Indiesec,reverseics@infosec.exchange
Indiesec,riskymanag3ment@infosec.exchange
Indiesec,roddhjav@mamot.fr
Indiesec,RyanDFIR@infosec.exchange
Indiesec,sanjaymenon@mastodon.social
Indiesec,SeanWrightSec@infosec.exchange
Indiesec,SebastianWalla@infosec.exchange
Indiesec,securestep9@infosec.exchange
Indiesec,shellcromancer@infosec.exchange
Indiesec,shellsharks@shellsharks.social
Indiesec,shifty@infosec.exchange
Indiesec,Shiroe@infosec.exchange
Indiesec,shortridge@hachyderm.io
Indiesec,spacerog@mastodon.social
Indiesec,swiefling@hci.social
Indiesec,swissky@infosec.exchange
Indiesec,syngularity0@infosec.exchange
Indiesec,taylorparizo@infosec.exchange
Indiesec,teriradichel@infosec.exchange
Indiesec,thc@infosec.exchange
Indiesec,theevilbit@mastodon.social
Indiesec,theJoshMeister@infosec.exchange
Indiesec,timb_machine@infosec.exchange
Indiesec,tiraniddo@infosec.exchange
Indiesec,tweedge@cybersecurity.theater
Indiesec,tychotithonus@infosec.exchange
Indiesec,verovaleros@infosec.exchange
Indiesec,vict0ni@infosec.exchange
Indiesec,vinoth@infosec.exchange
Indiesec,voidsec@infosec.exchange
Indiesec,wdormann@infosec.exchange
Indiesec,williballenthin@mastodon.social
Indiesec,Xilokar@mamot.fr
Indiesec,xpn@infosec.exchange
Indiesec,yossarian@infosec.exchange
Indiesec,mle@infosec.exchange
Indiesec,professor_kilroy@infosec.exchange
Indiesec,benheise@infosec.exchange
Indiesec,percepticon@ioc.exchange
Indiesec,retr0id@retr0.id
Indiesec,matthew_d_green@ioc.exchange
Indiesec,dragosr@chaos.social
Indiesec,ApisNecros@ioc.exchange
Indiesec,CarpeDiemT3ch@ioc.exchange
Indiesec,FirehaK@infosec.exchange
Indiesec,Myrtus@infosec.exchange
Indiesec,maldr0id@infosec.exchange
Indiesec,ChocolateCoat@infosec.exchange
Indiesec,hexamander@infosec.exchange
Indiesec,malware_traffic@infosec.exchange
Indiesec,Samunoske@infosec.exchange
Indiesec,_mattata@infosec.exchange
Indiesec,vipergeek@infosec.exchange
Indiesec,0xdeadbeefJERKY@infosec.exchange
Indiesec,tonyarris@infosec.exchange
Indiesec,whatshisface@infosec.exchange
Indiesec,hexnomad@infosec.exchange
Indiesec,fre@infosec.exchange
Indiesec,thypon@mastodon.social
Indiesec,christophetd@infosec.exchange
Indiesec,HackingDave@infosec.exchange
Indiesec,hrbrmstr@mastodon.social
Indiesec,geffner@infosec.exchange
Indiesec,0xd0ug@infosec.exchange
Indiesec,d0nut@infosec.exchange
Indiesec,psiinon@infosec.exchange
Indiesec,barberousse_bin@todon.eu
Indiesec,fabian_bader@infosec.exchange
Indiesec,jtk@infosec.exchange
Indiesec,dlitchfield@infosec.exchange
Indiesec,serghei@mastodon.social
Indiesec,ollie_whitehouse@infosec.exchange